-- 분야 샘플 데이터(pf_field)
insert into pf_field(field_no,name) values(401,"웹마스터·QA·테스터");
insert into pf_field(field_no,name) values(402,"서버·네트워크·보안");
insert into pf_field(field_no,name) values(403,"웹기획·PM");
insert into pf_field(field_no,name) values(404,"웹개발");
insert into pf_field(field_no,name) values(405,"게임·Game");
insert into pf_field(field_no,name) values(406,"컨텐츠·사이트운영");
insert into pf_field(field_no,name) values(407,"응용프로그램개발");
insert into pf_field(field_no,name) values(408,"시스템개발");
insert into pf_field(field_no,name) values(409,"ERP·시스템분석·설계");
insert into pf_field(field_no,name) values(410,"통신·모바일");
insert into pf_field(field_no,name) values(411,"하드웨어·소프트웨어");
insert into pf_field(field_no,name) values(412,"웹디자인");
insert into pf_field(field_no,name) values(413,"퍼블리싱·UI개발");
insert into pf_field(field_no,name) values(414,"동영상·편집·코덱");
insert into pf_field(field_no,name) values(415,"IT·디자인·컴퓨터교육");
insert into pf_field(field_no,name) values(416,"데이터베이스·DBA");
insert into pf_field(field_no,name) values(417,"인공지능(AI)·빅데이터");


-- 기술 샘플 데이터(pf_skill)
insert into pf_skill(skill_no,name,field_no) values(40101,"웹마스터",401);
insert into pf_skill(skill_no,name,field_no) values(40104,"Unix",401);
insert into pf_skill(skill_no,name,field_no) values(40105,"Linux",401);
insert into pf_skill(skill_no,name,field_no) values(40106,"Windows",401);
insert into pf_skill(skill_no,name,field_no) values(40110,"QA·테스터",401);
insert into pf_skill(skill_no,name,field_no) values(40201,"서버관리",402);
insert into pf_skill(skill_no,name,field_no) values(40203,"네트워크관리",402);
insert into pf_skill(skill_no,name,field_no) values(40204,"방화벽",402);
insert into pf_skill(skill_no,name,field_no) values(40207,"서버구축",402);
insert into pf_skill(skill_no,name,field_no) values(40208,"가상화구축",402);
insert into pf_skill(skill_no,name,field_no) values(40209,"시스템·네트워크·컨설팅",402);
insert into pf_skill(skill_no,name,field_no) values(40210,"보안컨설팅",402);
insert into pf_skill(skill_no,name,field_no) values(40214,"Apache",402);
insert into pf_skill(skill_no,name,field_no) values(40215,"IIS",402);
insert into pf_skill(skill_no,name,field_no) values(40216,"RTOS",402);
insert into pf_skill(skill_no,name,field_no) values(40217,"NGINX",402);
insert into pf_skill(skill_no,name,field_no) values(40218,"POS",402);
insert into pf_skill(skill_no,name,field_no) values(40219,"DWH·ATM",402);
insert into pf_skill(skill_no,name,field_no) values(40220,"AWS",402);
insert into pf_skill(skill_no,name,field_no) values(40223,"Cisco",402);
insert into pf_skill(skill_no,name,field_no) values(40226,"정보보안",402);
insert into pf_skill(skill_no,name,field_no) values(40227,"Router·Switch",402);
insert into pf_skill(skill_no,name,field_no) values(40228,"ISP·IDC운영",402);
insert into pf_skill(skill_no,name,field_no) values(40229,"TCP·IP·IPX",402);
insert into pf_skill(skill_no,name,field_no) values(40231,"바이러스·백신",402);
insert into pf_skill(skill_no,name,field_no) values(40232,"보안관제",402);
insert into pf_skill(skill_no,name,field_no) values(40233,"보안기술",402);
insert into pf_skill(skill_no,name,field_no) values(40234,"시스템운영",402);
insert into pf_skill(skill_no,name,field_no) values(40237,"Windows",402);
insert into pf_skill(skill_no,name,field_no) values(40238,"Unix",402);
insert into pf_skill(skill_no,name,field_no) values(40239,"Linux",402);
insert into pf_skill(skill_no,name,field_no) values(40305,"PM",403);
insert into pf_skill(skill_no,name,field_no) values(40308,"정보설계·IA",403);
insert into pf_skill(skill_no,name,field_no) values(40309,"스토리보드",403);
insert into pf_skill(skill_no,name,field_no) values(40310,"컨텐츠기획",403);
insert into pf_skill(skill_no,name,field_no) values(40315,"로그분석",403);
insert into pf_skill(skill_no,name,field_no) values(40318,"UI기획",403);
insert into pf_skill(skill_no,name,field_no) values(40319,"제안·컨설팅",403);
insert into pf_skill(skill_no,name,field_no) values(40320,"쇼핑몰기획",403);
insert into pf_skill(skill_no,name,field_no) values(40321,"모바일기획",403);
insert into pf_skill(skill_no,name,field_no) values(40324,"웹서비스기획",403);
insert into pf_skill(skill_no,name,field_no) values(40402,"ASP",404);
insert into pf_skill(skill_no,name,field_no) values(40404,"Java·JSP",404);
insert into pf_skill(skill_no,name,field_no) values(40407,"PHP",404);
insert into pf_skill(skill_no,name,field_no) values(40409,"XML",404);
insert into pf_skill(skill_no,name,field_no) values(40413,"HTML",404);
insert into pf_skill(skill_no,name,field_no) values(40416,".NET",404);
insert into pf_skill(skill_no,name,field_no) values(40420,"APM",404);
insert into pf_skill(skill_no,name,field_no) values(40421,"Ajax",404);
insert into pf_skill(skill_no,name,field_no) values(40424,"PERL",404);
insert into pf_skill(skill_no,name,field_no) values(40425,"Ruby",404);
insert into pf_skill(skill_no,name,field_no) values(40426,"Python",404);
insert into pf_skill(skill_no,name,field_no) values(40427,"프론트엔드",404);
insert into pf_skill(skill_no,name,field_no) values(40430,"백엔드",404);
insert into pf_skill(skill_no,name,field_no) values(40501,"게임기획",405);
insert into pf_skill(skill_no,name,field_no) values(40502,"게임시나리오",405);
insert into pf_skill(skill_no,name,field_no) values(40503,"GM·게임운영",405);
insert into pf_skill(skill_no,name,field_no) values(40508,"QA·베타테스터",405);
insert into pf_skill(skill_no,name,field_no) values(40510,"게임마케팅",405);
insert into pf_skill(skill_no,name,field_no) values(40511,"온라인게임",405);
insert into pf_skill(skill_no,name,field_no) values(40513,"게임디자인",405);
insert into pf_skill(skill_no,name,field_no) values(40515,"2D·도트·맵",405);
insert into pf_skill(skill_no,name,field_no) values(40516,"3D·모델링·모션",405);
insert into pf_skill(skill_no,name,field_no) values(40526,"캐릭터·아이템",405);
insert into pf_skill(skill_no,name,field_no) values(40527,"모바일게임",405);
insert into pf_skill(skill_no,name,field_no) values(40530,"게임개발",405);
insert into pf_skill(skill_no,name,field_no) values(40533,"캐주얼·보드게임",405);
insert into pf_skill(skill_no,name,field_no) values(40535,"CS·고객지원",405);
insert into pf_skill(skill_no,name,field_no) values(40536,"클라이언트개발",405);
insert into pf_skill(skill_no,name,field_no) values(40537,"서버·네트웍개발",405);
insert into pf_skill(skill_no,name,field_no) values(40540,"원화·일러스트",405);
insert into pf_skill(skill_no,name,field_no) values(40541,"MMORPG",405);
insert into pf_skill(skill_no,name,field_no) values(40542,"DirectX",405);
insert into pf_skill(skill_no,name,field_no) values(40601,"사이트운영",406);
insert into pf_skill(skill_no,name,field_no) values(40603,"컨텐츠운영",406);
insert into pf_skill(skill_no,name,field_no) values(40606,"e-러닝운영",406);
insert into pf_skill(skill_no,name,field_no) values(40609,"카페·블로그관리",406);
insert into pf_skill(skill_no,name,field_no) values(40610,"게시판관리",406);
insert into pf_skill(skill_no,name,field_no) values(40612,"쇼핑몰·오픈마켓",406);
insert into pf_skill(skill_no,name,field_no) values(40614,"컨텐츠제작",406);
insert into pf_skill(skill_no,name,field_no) values(40701,"IOS앱개발",407);
insert into pf_skill(skill_no,name,field_no) values(40702,"Android앱개발",407);
insert into pf_skill(skill_no,name,field_no) values(40706,"Windows",407);
insert into pf_skill(skill_no,name,field_no) values(40707,"Unix",407);
insert into pf_skill(skill_no,name,field_no) values(40708,"Linux",407);
insert into pf_skill(skill_no,name,field_no) values(40709,"VisualC·C++",407);
insert into pf_skill(skill_no,name,field_no) values(40711,"VisualBasic",407);
insert into pf_skill(skill_no,name,field_no) values(40712,"C·C++",407);
insert into pf_skill(skill_no,name,field_no) values(40714,"MFC",407);
insert into pf_skill(skill_no,name,field_no) values(40715,"PowerBuilder",407);
insert into pf_skill(skill_no,name,field_no) values(40716,"Java",407);
insert into pf_skill(skill_no,name,field_no) values(40717,"Delphi",407);
insert into pf_skill(skill_no,name,field_no) values(40719,"OpenGL",407);
insert into pf_skill(skill_no,name,field_no) values(40720,"Oracle",407);
insert into pf_skill(skill_no,name,field_no) values(40721,"Python",407);
insert into pf_skill(skill_no,name,field_no) values(40722,".NET",407);
insert into pf_skill(skill_no,name,field_no) values(40725,"Pro-C",407);
insert into pf_skill(skill_no,name,field_no) values(40728,"C#",407);
insert into pf_skill(skill_no,name,field_no) values(40729,"액션스크립트",407);
insert into pf_skill(skill_no,name,field_no) values(40732,"SAP·ABAP",407);
insert into pf_skill(skill_no,name,field_no) values(40734,"Embedded",407);
insert into pf_skill(skill_no,name,field_no) values(40738,"API",407);
insert into pf_skill(skill_no,name,field_no) values(40745,"MySQL",407);
insert into pf_skill(skill_no,name,field_no) values(40746,"MS-SQL",407);
insert into pf_skill(skill_no,name,field_no) values(40747,"FLEX",407);
insert into pf_skill(skill_no,name,field_no) values(40751,"증강현실(AR)",407);
insert into pf_skill(skill_no,name,field_no) values(40753,"가상현실(VR)",407);
insert into pf_skill(skill_no,name,field_no) values(40755,"C++Builder",407);
insert into pf_skill(skill_no,name,field_no) values(40759,"RFID",407);
insert into pf_skill(skill_no,name,field_no) values(40760,"Win32",407);
insert into pf_skill(skill_no,name,field_no) values(40761,"Labview",407);
insert into pf_skill(skill_no,name,field_no) values(40762,"micom",407);
insert into pf_skill(skill_no,name,field_no) values(40763,"objective-c",407);
insert into pf_skill(skill_no,name,field_no) values(40802,"어셈블리",408);
insert into pf_skill(skill_no,name,field_no) values(40805,"Embedded",408);
insert into pf_skill(skill_no,name,field_no) values(40806,"펌웨어",408);
insert into pf_skill(skill_no,name,field_no) values(40808,"HMI·PLC",408);
insert into pf_skill(skill_no,name,field_no) values(40812,"CTI",408);
insert into pf_skill(skill_no,name,field_no) values(40904,"모델링",409);
insert into pf_skill(skill_no,name,field_no) values(40909,"ERP컨설턴트",409);
insert into pf_skill(skill_no,name,field_no) values(40912,"SAP·ABAP",409);
insert into pf_skill(skill_no,name,field_no) values(40913,"MES",409);
insert into pf_skill(skill_no,name,field_no) values(40914,"PLM",409);
insert into pf_skill(skill_no,name,field_no) values(40915,"SEM·SCM",409);
insert into pf_skill(skill_no,name,field_no) values(40916,"시스템엔지니어(SE)",409);
insert into pf_skill(skill_no,name,field_no) values(41005,"위성·GPS·GIS",410);
insert into pf_skill(skill_no,name,field_no) values(41006,"광통신",410);
insert into pf_skill(skill_no,name,field_no) values(41007,"이동통신",410);
insert into pf_skill(skill_no,name,field_no) values(41017,"통신망가설",410);
insert into pf_skill(skill_no,name,field_no) values(41033,"정보통신",410);
insert into pf_skill(skill_no,name,field_no) values(41034,"무선통신",410);
insert into pf_skill(skill_no,name,field_no) values(41036,"사물인터넷(IoT)",410);
insert into pf_skill(skill_no,name,field_no) values(41102,"HW(하드웨어)",411);
insert into pf_skill(skill_no,name,field_no) values(41105,"SW(소프트웨어)",411);
insert into pf_skill(skill_no,name,field_no) values(41109,"유지보수(AS)",411);
insert into pf_skill(skill_no,name,field_no) values(41113,"DSP",411);
insert into pf_skill(skill_no,name,field_no) values(41115,"FPGA",411);
insert into pf_skill(skill_no,name,field_no) values(41203,"포토샵",412);
insert into pf_skill(skill_no,name,field_no) values(41204,"플래쉬",412);
insert into pf_skill(skill_no,name,field_no) values(41205,"Sketch",412);
insert into pf_skill(skill_no,name,field_no) values(41206,"드림위버",412);
insert into pf_skill(skill_no,name,field_no) values(41209,"자바스크립트",412);
insert into pf_skill(skill_no,name,field_no) values(41212,"XML",412);
insert into pf_skill(skill_no,name,field_no) values(41213,"UI·UX디자인",412);
insert into pf_skill(skill_no,name,field_no) values(41214,"일러스트레이터",412);
insert into pf_skill(skill_no,name,field_no) values(41216,"프로토타이핑",412);
insert into pf_skill(skill_no,name,field_no) values(41217,"GUI",412);
insert into pf_skill(skill_no,name,field_no) values(41222,"CSS",412);
insert into pf_skill(skill_no,name,field_no) values(41224,"웹UI",412);
insert into pf_skill(skill_no,name,field_no) values(41225,"모바일UI",412);
insert into pf_skill(skill_no,name,field_no) values(41228,"HTML",412);
insert into pf_skill(skill_no,name,field_no) values(41229,"FLEX",412);
insert into pf_skill(skill_no,name,field_no) values(41301,"HTML코딩",413);
insert into pf_skill(skill_no,name,field_no) values(41302,"단순웹작업",413);
insert into pf_skill(skill_no,name,field_no) values(41303,"퍼블리셔",413);
insert into pf_skill(skill_no,name,field_no) values(41304,"웹표준·웹접근성",413);
insert into pf_skill(skill_no,name,field_no) values(41305,"자바스크립트",413);
insert into pf_skill(skill_no,name,field_no) values(41308,"액션스크립트",413);
insert into pf_skill(skill_no,name,field_no) values(41402,"프리미어",414);
insert into pf_skill(skill_no,name,field_no) values(41404,"파이널컷",414);
insert into pf_skill(skill_no,name,field_no) values(41405,"영상편집",414);
insert into pf_skill(skill_no,name,field_no) values(41406,"3DMAX",414);
insert into pf_skill(skill_no,name,field_no) values(41407,"멀티미디어",414);
insert into pf_skill(skill_no,name,field_no) values(41410,"코덱·인코딩",414);
insert into pf_skill(skill_no,name,field_no) values(41501,"OA·컴퓨터",415);
insert into pf_skill(skill_no,name,field_no) values(41502,"인터넷·네트워크",415);
insert into pf_skill(skill_no,name,field_no) values(41503,"웹디자인강의",415);
insert into pf_skill(skill_no,name,field_no) values(41504,"프로그래밍",415);
insert into pf_skill(skill_no,name,field_no) values(41505,"시스템·DB·보안",415);
insert into pf_skill(skill_no,name,field_no) values(41506,"3D·영상·플래시",415);
insert into pf_skill(skill_no,name,field_no) values(41508,"IT강의",415);
insert into pf_skill(skill_no,name,field_no) values(41602,"Oracle",416);
insert into pf_skill(skill_no,name,field_no) values(41603,"MS-SQL",416);
insert into pf_skill(skill_no,name,field_no) values(41604,"MySQL",416);
insert into pf_skill(skill_no,name,field_no) values(41605,"ETL",416);
insert into pf_skill(skill_no,name,field_no) values(41606,"OLAP",416);
insert into pf_skill(skill_no,name,field_no) values(41607,"데이타마이닝",416);
insert into pf_skill(skill_no,name,field_no) values(41608,"DW",416);
insert into pf_skill(skill_no,name,field_no) values(41610,"PostgreSQL",416);
insert into pf_skill(skill_no,name,field_no) values(41611,"NoSQL",416);
insert into pf_skill(skill_no,name,field_no) values(41618,"튜닝",416);
insert into pf_skill(skill_no,name,field_no) values(41619,"DBA",416);
insert into pf_skill(skill_no,name,field_no) values(41620,"DB2",416);
insert into pf_skill(skill_no,name,field_no) values(41701,"인공지능(AI)",417);
insert into pf_skill(skill_no,name,field_no) values(41702,"빅데이터",417);
insert into pf_skill(skill_no,name,field_no) values(41703,"머신러닝",417);
insert into pf_skill(skill_no,name,field_no) values(41704,"클라우드",417);
insert into pf_skill(skill_no,name,field_no) values(41705,"사물인터넷(IoT)",417);
insert into pf_skill(skill_no,name,field_no) values(41706,"DataAnalysis",417);
insert into pf_skill(skill_no,name,field_no) values(41707,"Hadoop",417);
insert into pf_skill(skill_no,name,field_no) values(41708,"Spark",417);
insert into pf_skill(skill_no,name,field_no) values(41709,"자연어처리(NLP)",417);
insert into pf_skill(skill_no,name,field_no) values(41710,"R",417);
insert into pf_skill(skill_no,name,field_no) values(41711,"Python",417);
insert into pf_skill(skill_no,name,field_no) values(41712,"TensorFlow",417);



-- 관리자 샘플 데이터(pf_admin)
INSERT INTO pf_admin(id, pwd) VALUES('eomjinyoung', password('1111'));
INSERT INTO pf_admin(id, pwd) VALUES('kyh', password('1111'));

-- 학력 샘플 데이터(pf_final_education)
INSERT INTO pf_final_education(education_no,category) VALUES(0,'학력무관');
INSERT INTO pf_final_education(education_no,category) VALUES(1,'고등학교졸업');
INSERT INTO pf_final_education(education_no,category) VALUES(2,'대학졸업(2,3년)');
INSERT INTO pf_final_education(education_no,category) VALUES(3,'대학교졸업(4년)');
INSERT INTO pf_final_education(education_no,category) VALUES(4,'석사졸업');
INSERT INTO pf_final_education(education_no,category) VALUES(5,'박사졸업');
INSERT INTO pf_final_education(education_no,category) VALUES(6,'고등학교졸업이상');
INSERT INTO pf_final_education(education_no,category) VALUES(7,'대학졸업(2,3년)이상');
INSERT INTO pf_final_education(education_no,category) VALUES(8,'대학교졸업(4년)이상');
INSERT INTO pf_final_education(education_no,category) VALUES(9,'석사졸업이상 ');


-- 도시 샘플 데이터(pf_city)
insert into pf_city(city_no,name) values(101000,"서울");
insert into pf_city(city_no,name) values(102000,"경기");
insert into pf_city(city_no,name) values(103000,"광주");
insert into pf_city(city_no,name) values(104000,"대구");
insert into pf_city(city_no,name) values(105000,"대전");
insert into pf_city(city_no,name) values(106000,"부산");
insert into pf_city(city_no,name) values(107000,"울산");
insert into pf_city(city_no,name) values(108000,"인천");
insert into pf_city(city_no,name) values(109000,"강원");
insert into pf_city(city_no,name) values(110000,"경남");
insert into pf_city(city_no,name) values(111000,"경북");
insert into pf_city(city_no,name) values(112000,"전남");
insert into pf_city(city_no,name) values(113000,"전북");
insert into pf_city(city_no,name) values(114000,"충북");
insert into pf_city(city_no,name) values(115000,"충남");
insert into pf_city(city_no,name) values(116000,"제주");
insert into pf_city(city_no,name) values(117000,"전국");
insert into pf_city(city_no,name) values(118000,"세종");
insert into pf_city(city_no,name) values(210000,"아시아·중동");
insert into pf_city(city_no,name) values(220000,"북·중미");
insert into pf_city(city_no,name) values(230000,"남미");
insert into pf_city(city_no,name) values(240000,"유럽");
insert into pf_city(city_no,name) values(250000,"오세아니아");
insert into pf_city(city_no,name) values(260000,"아프리카");
insert into pf_city(city_no,name) values(270000,"남극대륙");
insert into pf_city(city_no,name) values(280000,"기타해외");


-- 지역 샘플 데이터(pf_district)
insert into pf_district(district_no,name) values(101000,"서울전체");
insert into pf_district(district_no,name) values(101010,"강남구");
insert into pf_district(district_no,name) values(101020,"강동구");
insert into pf_district(district_no,name) values(101030,"강북구");
insert into pf_district(district_no,name) values(101040,"강서구");
insert into pf_district(district_no,name) values(101050,"관악구");
insert into pf_district(district_no,name) values(101060,"광진구");
insert into pf_district(district_no,name) values(101070,"구로구");
insert into pf_district(district_no,name) values(101080,"금천구");
insert into pf_district(district_no,name) values(101090,"노원구");
insert into pf_district(district_no,name) values(101100,"도봉구");
insert into pf_district(district_no,name) values(101110,"동대문구");
insert into pf_district(district_no,name) values(101120,"동작구");
insert into pf_district(district_no,name) values(101130,"마포구");
insert into pf_district(district_no,name) values(101140,"서대문구");
insert into pf_district(district_no,name) values(101150,"서초구");
insert into pf_district(district_no,name) values(101160,"성동구");
insert into pf_district(district_no,name) values(101170,"성북구");
insert into pf_district(district_no,name) values(101180,"송파구");
insert into pf_district(district_no,name) values(101190,"양천구");
insert into pf_district(district_no,name) values(101200,"영등포구");
insert into pf_district(district_no,name) values(101210,"용산구");
insert into pf_district(district_no,name) values(101220,"은평구");
insert into pf_district(district_no,name) values(101230,"종로구");
insert into pf_district(district_no,name) values(101240,"중구");
insert into pf_district(district_no,name) values(101250,"중랑구");
insert into pf_district(district_no,name) values(102000,"경기전체");
insert into pf_district(district_no,name) values(102010,"가평군");
insert into pf_district(district_no,name) values(102020,"고양시");
insert into pf_district(district_no,name) values(102030,"고양시");
insert into pf_district(district_no,name) values(102040,"고양시");
insert into pf_district(district_no,name) values(102050,"고양시");
insert into pf_district(district_no,name) values(102060,"과천시");
insert into pf_district(district_no,name) values(102070,"광명시");
insert into pf_district(district_no,name) values(102080,"광주시");
insert into pf_district(district_no,name) values(102090,"구리시");
insert into pf_district(district_no,name) values(102100,"군포시");
insert into pf_district(district_no,name) values(102110,"김포시");
insert into pf_district(district_no,name) values(102120,"남양주시");
insert into pf_district(district_no,name) values(102130,"동두천시");
insert into pf_district(district_no,name) values(102140,"부천시");
insert into pf_district(district_no,name) values(102150,"부천시");
insert into pf_district(district_no,name) values(102160,"부천시");
insert into pf_district(district_no,name) values(102170,"부천시");
insert into pf_district(district_no,name) values(102180,"성남시");
insert into pf_district(district_no,name) values(102190,"성남시");
insert into pf_district(district_no,name) values(102200,"성남시");
insert into pf_district(district_no,name) values(102210,"성남시");
insert into pf_district(district_no,name) values(102220,"수원시");
insert into pf_district(district_no,name) values(102230,"수원시");
insert into pf_district(district_no,name) values(102240,"수원시");
insert into pf_district(district_no,name) values(102250,"수원시");
insert into pf_district(district_no,name) values(102260,"수원시");
insert into pf_district(district_no,name) values(102270,"시흥시");
insert into pf_district(district_no,name) values(102280,"안산시");
insert into pf_district(district_no,name) values(102290,"안산시");
insert into pf_district(district_no,name) values(102300,"안산시");
insert into pf_district(district_no,name) values(102310,"안성시");
insert into pf_district(district_no,name) values(102320,"안양시");
insert into pf_district(district_no,name) values(102330,"안양시");
insert into pf_district(district_no,name) values(102340,"안양시");
insert into pf_district(district_no,name) values(102350,"양주시");
insert into pf_district(district_no,name) values(102360,"양평군");
insert into pf_district(district_no,name) values(102370,"여주시");
insert into pf_district(district_no,name) values(102380,"연천군");
insert into pf_district(district_no,name) values(102390,"오산시");
insert into pf_district(district_no,name) values(102400,"용인시");
insert into pf_district(district_no,name) values(102410,"용인시");
insert into pf_district(district_no,name) values(102420,"용인시");
insert into pf_district(district_no,name) values(102430,"용인시");
insert into pf_district(district_no,name) values(102440,"의왕시");
insert into pf_district(district_no,name) values(102450,"의정부시");
insert into pf_district(district_no,name) values(102460,"이천시");
insert into pf_district(district_no,name) values(102470,"파주시");
insert into pf_district(district_no,name) values(102480,"평택시");
insert into pf_district(district_no,name) values(102490,"포천시");
insert into pf_district(district_no,name) values(102500,"하남시");
insert into pf_district(district_no,name) values(102510,"화성시");
insert into pf_district(district_no,name) values(103000,"광주전체");
insert into pf_district(district_no,name) values(103010,"광산구");
insert into pf_district(district_no,name) values(103020,"남구");
insert into pf_district(district_no,name) values(103030,"동구");
insert into pf_district(district_no,name) values(103040,"북구");
insert into pf_district(district_no,name) values(103050,"서구");
insert into pf_district(district_no,name) values(104000,"대구전체");
insert into pf_district(district_no,name) values(104010,"남구");
insert into pf_district(district_no,name) values(104020,"달서구");
insert into pf_district(district_no,name) values(104030,"달성군");
insert into pf_district(district_no,name) values(104040,"동구");
insert into pf_district(district_no,name) values(104050,"북구");
insert into pf_district(district_no,name) values(104060,"서구");
insert into pf_district(district_no,name) values(104070,"수성구");
insert into pf_district(district_no,name) values(104080,"중구");
insert into pf_district(district_no,name) values(105000,"대전전체");
insert into pf_district(district_no,name) values(105010,"대덕구");
insert into pf_district(district_no,name) values(105020,"동구");
insert into pf_district(district_no,name) values(105030,"서구");
insert into pf_district(district_no,name) values(105040,"유성구");
insert into pf_district(district_no,name) values(105050,"중구");
insert into pf_district(district_no,name) values(106000,"부산전체");
insert into pf_district(district_no,name) values(106010,"강서구");
insert into pf_district(district_no,name) values(106020,"금정구");
insert into pf_district(district_no,name) values(106030,"기장군");
insert into pf_district(district_no,name) values(106040,"남구");
insert into pf_district(district_no,name) values(106050,"동구");
insert into pf_district(district_no,name) values(106060,"동래구");
insert into pf_district(district_no,name) values(106070,"부산진구");
insert into pf_district(district_no,name) values(106080,"북구");
insert into pf_district(district_no,name) values(106090,"사상구");
insert into pf_district(district_no,name) values(106100,"사하구");
insert into pf_district(district_no,name) values(106110,"서구");
insert into pf_district(district_no,name) values(106120,"수영구");
insert into pf_district(district_no,name) values(106130,"연제구");
insert into pf_district(district_no,name) values(106140,"영도구");
insert into pf_district(district_no,name) values(106150,"중구");
insert into pf_district(district_no,name) values(106160,"해운대구");
insert into pf_district(district_no,name) values(107000,"울산전체");
insert into pf_district(district_no,name) values(107010,"남구");
insert into pf_district(district_no,name) values(107020,"동구");
insert into pf_district(district_no,name) values(107030,"북구");
insert into pf_district(district_no,name) values(107040,"울주군");
insert into pf_district(district_no,name) values(107050,"중구");
insert into pf_district(district_no,name) values(108000,"인천전체");
insert into pf_district(district_no,name) values(108010,"강화군");
insert into pf_district(district_no,name) values(108020,"계양구");
insert into pf_district(district_no,name) values(108030,"미추홀구");
insert into pf_district(district_no,name) values(108040,"남동구");
insert into pf_district(district_no,name) values(108050,"동구");
insert into pf_district(district_no,name) values(108060,"부평구");
insert into pf_district(district_no,name) values(108070,"서구");
insert into pf_district(district_no,name) values(108080,"연수구");
insert into pf_district(district_no,name) values(108090,"옹진군");
insert into pf_district(district_no,name) values(108100,"중구");
insert into pf_district(district_no,name) values(109000,"강원전체");
insert into pf_district(district_no,name) values(109010,"강릉시");
insert into pf_district(district_no,name) values(109020,"고성군");
insert into pf_district(district_no,name) values(109030,"동해시");
insert into pf_district(district_no,name) values(109040,"삼척시");
insert into pf_district(district_no,name) values(109050,"속초시");
insert into pf_district(district_no,name) values(109060,"양구군");
insert into pf_district(district_no,name) values(109070,"양양군");
insert into pf_district(district_no,name) values(109080,"영월군");
insert into pf_district(district_no,name) values(109090,"원주시");
insert into pf_district(district_no,name) values(109100,"인제군");
insert into pf_district(district_no,name) values(109110,"정선군");
insert into pf_district(district_no,name) values(109120,"철원군");
insert into pf_district(district_no,name) values(109130,"춘천시");
insert into pf_district(district_no,name) values(109140,"태백시");
insert into pf_district(district_no,name) values(109150,"평창군");
insert into pf_district(district_no,name) values(109160,"홍천군");
insert into pf_district(district_no,name) values(109170,"화천군");
insert into pf_district(district_no,name) values(109180,"횡성군");
insert into pf_district(district_no,name) values(110000,"경남전체");
insert into pf_district(district_no,name) values(110010,"거제시");
insert into pf_district(district_no,name) values(110020,"거창군");
insert into pf_district(district_no,name) values(110030,"고성군");
insert into pf_district(district_no,name) values(110040,"김해시");
insert into pf_district(district_no,name) values(110050,"남해군");
insert into pf_district(district_no,name) values(110053,"창원시");
insert into pf_district(district_no,name) values(110055,"창원시");
insert into pf_district(district_no,name) values(110057,"창원시");
insert into pf_district(district_no,name) values(110059,"창원시");
insert into pf_district(district_no,name) values(110070,"밀양시");
insert into pf_district(district_no,name) values(110080,"사천시");
insert into pf_district(district_no,name) values(110090,"산청군");
insert into pf_district(district_no,name) values(110100,"양산시");
insert into pf_district(district_no,name) values(110110,"의령군");
insert into pf_district(district_no,name) values(110120,"진주시");
insert into pf_district(district_no,name) values(110130,"창원시");
insert into pf_district(district_no,name) values(110140,"창녕군");
insert into pf_district(district_no,name) values(110150,"창원시");
insert into pf_district(district_no,name) values(110160,"통영시");
insert into pf_district(district_no,name) values(110170,"하동군");
insert into pf_district(district_no,name) values(110180,"함안군");
insert into pf_district(district_no,name) values(110190,"함양군");
insert into pf_district(district_no,name) values(110200,"합천군");
insert into pf_district(district_no,name) values(111000,"경북전체");
insert into pf_district(district_no,name) values(111010,"경산시");
insert into pf_district(district_no,name) values(111020,"경주시");
insert into pf_district(district_no,name) values(111030,"고령군");
insert into pf_district(district_no,name) values(111040,"구미시");
insert into pf_district(district_no,name) values(111050,"군위군");
insert into pf_district(district_no,name) values(111060,"김천시");
insert into pf_district(district_no,name) values(111070,"문경시");
insert into pf_district(district_no,name) values(111080,"봉화군");
insert into pf_district(district_no,name) values(111090,"상주시");
insert into pf_district(district_no,name) values(111100,"성주군");
insert into pf_district(district_no,name) values(111110,"안동시");
insert into pf_district(district_no,name) values(111120,"영덕군");
insert into pf_district(district_no,name) values(111130,"영양군");
insert into pf_district(district_no,name) values(111140,"영주시");
insert into pf_district(district_no,name) values(111150,"영천시");
insert into pf_district(district_no,name) values(111160,"예천군");
insert into pf_district(district_no,name) values(111170,"울릉군");
insert into pf_district(district_no,name) values(111180,"울진군");
insert into pf_district(district_no,name) values(111190,"의성군");
insert into pf_district(district_no,name) values(111200,"청도군");
insert into pf_district(district_no,name) values(111210,"청송군");
insert into pf_district(district_no,name) values(111220,"칠곡군");
insert into pf_district(district_no,name) values(111230,"포항시");
insert into pf_district(district_no,name) values(111240,"포항시");
insert into pf_district(district_no,name) values(111250,"포항시");
insert into pf_district(district_no,name) values(112000,"전남전체");
insert into pf_district(district_no,name) values(112010,"강진군");
insert into pf_district(district_no,name) values(112020,"고흥군");
insert into pf_district(district_no,name) values(112030,"곡성군");
insert into pf_district(district_no,name) values(112040,"광양시");
insert into pf_district(district_no,name) values(112050,"구례군");
insert into pf_district(district_no,name) values(112060,"나주시");
insert into pf_district(district_no,name) values(112070,"담양군");
insert into pf_district(district_no,name) values(112080,"목포시");
insert into pf_district(district_no,name) values(112090,"무안군");
insert into pf_district(district_no,name) values(112100,"보성군");
insert into pf_district(district_no,name) values(112110,"순천시");
insert into pf_district(district_no,name) values(112120,"신안군");
insert into pf_district(district_no,name) values(112130,"여수시");
insert into pf_district(district_no,name) values(112140,"영광군");
insert into pf_district(district_no,name) values(112150,"영암군");
insert into pf_district(district_no,name) values(112160,"완도군");
insert into pf_district(district_no,name) values(112170,"장성군");
insert into pf_district(district_no,name) values(112180,"장흥군");
insert into pf_district(district_no,name) values(112190,"진도군");
insert into pf_district(district_no,name) values(112200,"함평군");
insert into pf_district(district_no,name) values(112210,"해남군");
insert into pf_district(district_no,name) values(112220,"화순군");
insert into pf_district(district_no,name) values(113000,"전북전체");
insert into pf_district(district_no,name) values(113010,"고창군");
insert into pf_district(district_no,name) values(113020,"군산시");
insert into pf_district(district_no,name) values(113030,"김제시");
insert into pf_district(district_no,name) values(113040,"남원시");
insert into pf_district(district_no,name) values(113050,"무주군");
insert into pf_district(district_no,name) values(113060,"부안군");
insert into pf_district(district_no,name) values(113070,"순창군");
insert into pf_district(district_no,name) values(113080,"완주군");
insert into pf_district(district_no,name) values(113090,"익산시");
insert into pf_district(district_no,name) values(113100,"임실군");
insert into pf_district(district_no,name) values(113110,"장수군");
insert into pf_district(district_no,name) values(113120,"전주시");
insert into pf_district(district_no,name) values(113130,"전주시");
insert into pf_district(district_no,name) values(113140,"전주시");
insert into pf_district(district_no,name) values(113150,"정읍시");
insert into pf_district(district_no,name) values(113160,"진안군");
insert into pf_district(district_no,name) values(114000,"충북전체");
insert into pf_district(district_no,name) values(114010,"괴산군");
insert into pf_district(district_no,name) values(114020,"단양군");
insert into pf_district(district_no,name) values(114030,"보은군");
insert into pf_district(district_no,name) values(114040,"영동군");
insert into pf_district(district_no,name) values(114050,"옥천군");
insert into pf_district(district_no,name) values(114060,"음성군");
insert into pf_district(district_no,name) values(114070,"제천시");
insert into pf_district(district_no,name) values(114080,"증평군");
insert into pf_district(district_no,name) values(114090,"진천군");
insert into pf_district(district_no,name) values(114100,"청원군");
insert into pf_district(district_no,name) values(114110,"청주시");
insert into pf_district(district_no,name) values(114120,"청주시");
insert into pf_district(district_no,name) values(114130,"청주시");
insert into pf_district(district_no,name) values(114140,"충주시");
insert into pf_district(district_no,name) values(114150,"청주시");
insert into pf_district(district_no,name) values(114160,"청주시");
insert into pf_district(district_no,name) values(115000,"충남전체");
insert into pf_district(district_no,name) values(115010,"계룡시");
insert into pf_district(district_no,name) values(115020,"공주시");
insert into pf_district(district_no,name) values(115030,"금산군");
insert into pf_district(district_no,name) values(115040,"논산시");
insert into pf_district(district_no,name) values(115050,"당진시");
insert into pf_district(district_no,name) values(115060,"보령시");
insert into pf_district(district_no,name) values(115070,"부여군");
insert into pf_district(district_no,name) values(115080,"서산시");
insert into pf_district(district_no,name) values(115090,"서천군");
insert into pf_district(district_no,name) values(115100,"아산시");
insert into pf_district(district_no,name) values(115110,"연기군");
insert into pf_district(district_no,name) values(115120,"예산군");
insert into pf_district(district_no,name) values(115130,"천안시");
insert into pf_district(district_no,name) values(115133,"천안시");
insert into pf_district(district_no,name) values(115135,"천안시");
insert into pf_district(district_no,name) values(115140,"청양군");
insert into pf_district(district_no,name) values(115150,"태안군");
insert into pf_district(district_no,name) values(115160,"홍성군");
insert into pf_district(district_no,name) values(116000,"제주전체");
insert into pf_district(district_no,name) values(116030,"서귀포시");
insert into pf_district(district_no,name) values(116040,"제주시");
insert into pf_district(district_no,name) values(117000,"전국");
insert into pf_district(district_no,name) values(118000,"세종특별자치시");


-- 회원 예제 데이터
INSERT INTO pf_members(member_no, id, pwd, name, post_no, basic_address, email, tel, sms_yn, email_yn, type, userkey, create_date) VALUES (1, 'yh0921k', PASSWORD('1111'), '김용희', '06611', '서울특별시 서초구 강남대로 459 (서초동, 백암빌딩)', 'yh0921k@gmail.com', '010-1234-5678', 1, 1, 1, 'Y', '2020-06-04');
INSERT INTO pf_members(id, pwd, name, email, tel, sms_yn, email_yn, type, userkey, create_date) VALUES ('moonsolid', PASSWORD('2222'), '문국태', 'moonsolid@naver.com', '010-9876-5432', 1, 1, 1, 'Y', '2020-06-05');
INSERT INTO pf_members(id, pwd, name, email, tel, sms_yn, email_yn, type, userkey, create_date) VALUES ('oreotaste', PASSWORD('3333'), '손영쿡', 'oreotaste@daum.net', '010-2345-6789', 1, 1, 1, 'Y', '2020-06-06');
INSERT INTO pf_members(id, pwd, name, post_no, basic_address, email, tel, sms_yn, email_yn, type, userkey, create_date) VALUES ('juljasong', PASSWORD('4444'), '윤리아', '06621', '서울특별시 서초구 서초대로74길 33(서초동, 비트빌)', 'juljasong@gmail.com', '010-4567-8901', 1, 1, 1, 'Y', '2020-06-07');
INSERT INTO pf_members(id, pwd, name, email, tel, sms_yn, email_yn, type, userkey, create_date) VALUES ('jeoneunhee', PASSWORD('5555'), '전은희', 'jeoneunhee@naber.com', '010-1234-5674', 1, 1, 1, 'Y', '2020-06-08');
INSERT INTO pf_members(id, pwd, name, post_no, basic_address, email, tel, sms_yn, email_yn, type, userkey, create_date) VALUES ('warple', PASSWORD('6666'), '노정진', '63091', '제주특별자치도 제주시 1100로 3198-13(노형동)', 'contact_us@warple.co.kr', '010-2754-3257', 1, 1, 2, 'Y', '2020-06-04');
INSERT INTO pf_members(id, pwd, name, post_no, basic_address, detail_address, email, tel, sms_yn, email_yn, type, userkey, create_date) VALUES ('baegopa', PASSWORD('7777'), '김홍준', '05544', '서울특별시 송파 구 위례성대로 2(방이동, 장은빌딩)', '2층', 'help@baegopa.com', '010-4312-6754', 1, 1, 2, 'Y', '2020-06-05');
INSERT INTO pf_members(id, pwd, name, post_no, basic_address, email, tel, sms_yn, email_yn, type, userkey, create_date) VALUES ('hmarket', PASSWORD('8888'), '광병진', '06236', '서울특별시 강남구 테헤란로(역삼 동, 강남파이낸스센터)', 'hmk_cs@corp.hmarket.co.kr', '010-4952-6589', 1, 1, 2, 'Y', '2020-06-06');
INSERT INTO pf_members(id, pwd, name, post_no, basic_address, detail_address,  email, tel, sms_yn, email_yn, type, userkey, create_date) VALUES ('mosinna', PASSWORD('9999'), '김정우', '06017', '서울특별시 남구 언주로174길 30(신사동, 로빈명품관)', '지하1층', 'help@mosinna.com', '010-2394-3958', 1, 1, 2, 'Y', '2020-06-07');
INSERT INTO pf_members(id, pwd, name, post_no, basic_address, detail_address, email, tel, sms_yn, email_yn, type, userkey, create_date) VALUES ('planningadd', PASSWORD('1010'), '김성수', '13637', '경기도 성남시 분당구 구미로9번길 10(구미동, 세종그랑시아II)', '1-230', 'planning1@naver.com', '010-4958-9068', 1, 1, 2, 'Y', '2020-06-08');
INSERT INTO pf_members(id, pwd, name, email, tel, sms_yn, email_yn, type, userkey, create_date) VALUES ('appleman', PASSWORD('1111'), '팀쿡', 'apple@daum.net', '010-2123-6289', 1, 1, 1, 'Y', '2020-06-09');
INSERT INTO pf_members(id, pwd, name, email, tel, sms_yn, email_yn, type, userkey, create_date) VALUES ('younglee', PASSWORD('1111'), '이영이', 'young@google.com', '010-7763-8679', 1, 1, 1, 'Y', '2020-06-09');
INSERT INTO pf_members(id, pwd, name, email, tel, sms_yn, email_yn, type, userkey, create_date) VALUES ('restful', PASSWORD('1111'), '홍길동', 'restapi@google.com', '010-12433-7223', 1, 1, 1, 'Y', '2020-06-09');

-- 게시글 예제 데이터 (pf_board)
INSERT INTO pf_board (board_no, title, content, view_count, registered_date)
 VALUES(1, "제목1", "내용1", 3, "2020-04-01 00:00:00");
INSERT INTO pf_board (board_no, title, content, view_count, registered_date)
VALUES (2,"제목2","내용2",3, "2020-04-01 00:00:00");
INSERT INTO pf_board (board_no, title, content, view_count, registered_date)
VALUES (3,"제목3","내용3",3, "2020-04-01 00:00:00");
INSERT INTO pf_board (board_no, title, content, view_count, registered_date)
VALUES (4,"제목4","내용4",3, "2020-04-01 00:00:00");
INSERT INTO pf_board (board_no, title, content, view_count, registered_date)
VALUES (5,"제목5","내용5",3, "2020-04-01 00:00:00");
INSERT INTO pf_board (board_no, title, content, view_count, registered_date)
VALUES (6,"제목6","내용6",3, "2020-04-01 00:00:00");
INSERT INTO pf_board (board_no, title, content, view_count, registered_date)
VALUES (7,"제목7","내용7",3, "2020-04-01 00:00:00");
INSERT INTO pf_board (board_no, title, content, view_count, registered_date)
VALUES (8,"제목8","내용8",3, "2020-04-01 00:00:00");
INSERT INTO pf_board (board_no, title, content, view_count, registered_date)
VALUES (9,"제목9","내용9",3, "2020-04-01 00:00:00");
INSERT INTO pf_board (board_no, title, content, view_count, registered_date)
VALUES (10,"제목10","내용10",3, "2020-04-01 00:00:00");
INSERT INTO pf_board (board_no, title, content, view_count, registered_date)
VALUES (11,"제목11","내용11",3, "2020-04-01 00:00:00");
INSERT INTO pf_board (board_no, title, content, view_count, registered_date)
VALUES (12,"제목12","내용12",3, "2020-04-01 00:00:00");
INSERT INTO pf_board (board_no, title, content, view_count, registered_date)
VALUES (13,"제목13","내용13",3, "2020-04-01 00:00:00");
INSERT INTO pf_board (board_no, title, content, view_count, registered_date)
VALUES (14,"제목14","내용14",3, "2020-04-01 00:00:00");
INSERT INTO pf_board (board_no, title, content, view_count, registered_date)
VALUES (15,"제목15","내용15",3, "2020-04-01 00:00:00");
INSERT INTO pf_board (board_no, title, content, view_count, registered_date)
VALUES (16,"제목16","내용16",3, "2020-04-01 00:00:00");
INSERT INTO pf_board (board_no, title, content, view_count, registered_date)
VALUES (17,"제목17","내용17",3, "2020-04-01 00:00:00");
INSERT INTO pf_board (board_no, title, content, view_count, registered_date)
VALUES (18,"제목18","내용18",3, "2020-04-01 00:00:00");
INSERT INTO pf_board (board_no, title, content, view_count, registered_date)
VALUES (19,"제목19","내용19",3, "2020-04-01 00:00:00");
INSERT INTO pf_board (board_no, title, content, view_count, registered_date)
VALUES (20,"제목20","내용20",3, "2020-04-01 00:00:00");
INSERT INTO pf_board (board_no, title, content, view_count, registered_date)
VALUES (21,"제목21","내용21",3, "2020-04-01 00:00:00");
INSERT INTO pf_board (board_no, title, content, view_count, registered_date)
VALUES (22,"제목22","내용22",3, "2020-04-01 00:00:00");
INSERT INTO pf_board (board_no, title, content, view_count, registered_date)
VALUES (23,"제목23","내용23",3, "2020-04-01 00:00:00");
INSERT INTO pf_board (board_no, title, content, view_count, registered_date)
VALUES (24,"제목24","내용24",3, "2020-04-01 00:00:00");
INSERT INTO pf_board (board_no, title, content, view_count, registered_date)
VALUES (25,"제목25","내용25",3, "2020-04-01 00:00:00");
INSERT INTO pf_board (board_no, title, content, view_count, registered_date)
VALUES (26,"제목26","내용26",3, "2020-04-01 00:00:00");
INSERT INTO pf_board (board_no, title, content, view_count, registered_date)
VALUES (27,"제목27","내용27",3, "2020-04-01 00:00:00");
INSERT INTO pf_board (board_no, title, content, view_count, registered_date)
VALUES (28,"제목28","내용28",3, "2020-04-01 00:00:00");
INSERT INTO pf_board (board_no, title, content, view_count, registered_date)
VALUES (29,"제목29","내용29",3, "2020-04-01 00:00:00");
INSERT INTO pf_board (board_no, title, content, view_count, registered_date)
VALUES (30,"제목30","내용30",3, "2020-04-01 00:00:00");
INSERT INTO pf_board (board_no, title, content, view_count, registered_date)
 VALUES(31, "제목31", "내용31", 3, "2020-04-01 00:00:00");
INSERT INTO pf_board (board_no, title, content, view_count, registered_date)
 VALUES(32, "제목32", "내용32", 0, "2020-04-01 00:00:00");
INSERT INTO pf_board (board_no, title, content, view_count, registered_date)
VALUES (33,"제목33","내용33",3, "2020-04-01 00:00:00");
INSERT INTO pf_board (board_no, title, content, view_count, registered_date)
VALUES (34,"제목34","내용34",3, "2020-04-01 00:00:00");
INSERT INTO pf_board (board_no, title, content, view_count, registered_date)
VALUES (35,"제목35","내용35",3, "2020-04-01 00:00:00");
INSERT INTO pf_board (board_no, title, content, view_count, registered_date)
VALUES (36,"제목36","내용36",3, "2020-04-01 00:00:00");
INSERT INTO pf_board (board_no, title, content, view_count, registered_date)
VALUES (37,"제목37","내용37",3, "2020-04-01 00:00:00");
INSERT INTO pf_board (board_no, title, content, view_count, registered_date)
VALUES (38,"제목38","내용38",3, "2020-04-01 00:00:00");
INSERT INTO pf_board (board_no, title, content, view_count, registered_date)
VALUES (39,"제목39","내용39",3, "2020-04-01 00:00:00");
INSERT INTO pf_board (board_no, title, content, view_count, registered_date)
VALUES (40,"제목40","내용40",3, "2020-04-02 00:00:00");
INSERT INTO pf_board (board_no, title, content, view_count, registered_date)
 VALUES(41,"제목41","내용41", 3, "2020-04-03 00:00:00");
INSERT INTO pf_board (board_no, title, content, view_count, registered_date)
 VALUES(42,"제목42","내용42", 0, "2020-04-04 00:00:00");
INSERT INTO pf_board (board_no, title, content, view_count, registered_date)
VALUES (43,"제목43","내용43",3, "2020-04-05 00:00:00");
INSERT INTO pf_board (board_no, title, content, view_count, registered_date)
VALUES (44,"제목44","내용44",3, "2020-04-06 00:00:00");
INSERT INTO pf_board (board_no, title, content, view_count, registered_date)
VALUES (45,"제목45","내용45",3, "2020-04-06 00:00:00");
INSERT INTO pf_board (board_no, title, content, view_count, registered_date)
VALUES (46,"제목46","내용46",3, "2020-04-06 00:00:00");
INSERT INTO pf_board (board_no, title, content, view_count, registered_date)
VALUES (47,"제목47","내용47",3, "2020-04-07 00:00:00");
INSERT INTO pf_board (board_no, title, content, view_count, registered_date)
VALUES (48,"제목48","내용48",3, "2020-04-07 00:00:00");
INSERT INTO pf_board (board_no, title, content, view_count, registered_date)
VALUES (49,"제목49","내용49",3, "2020-04-07 00:00:00");
INSERT INTO pf_board (board_no, title, content, view_count, registered_date)
VALUES (50,"제목50","내용50",3, "2020-04-07 00:00:00");

-- 일반회원 예제 데이터
INSERT INTO pf_general_member(general_member_no, seeking_flag, membership, career) VALUES (1, 1, 'Portfoli Pro', 5);
INSERT INTO pf_general_member(general_member_no, seeking_flag, membership, career) VALUES (2, 1, 'Portfoli Basic', 2);
INSERT INTO pf_general_member(general_member_no, seeking_flag, membership, career) VALUES (3, 1, 'none', 4);
INSERT INTO pf_general_member(general_member_no, seeking_flag, membership) VALUES (4, 0, 'Portfoli Pro');
INSERT INTO pf_general_member(general_member_no, seeking_flag, membership, career) VALUES (5, 1, 'Portfoli Basic', 1);

-- 포트폴리오 예제데이터 (pf_portfolio) pf_general_member뒤에(완료)
INSERT INTO pf_portfolio (board_no, general_member_no, homepage, thumbnail, readable) VALUES(31,1,'www.naver.com', "c:\folder1\folder2\file1.jpg", 1);
INSERT INTO pf_portfolio (board_no, general_member_no, homepage, thumbnail, readable) VALUES(32,1,'www.daum.com', "c:\folder1\folder2\file2.jpg", 0);
INSERT INTO pf_portfolio (board_no, general_member_no, homepage, thumbnail, readable) VALUES(33,1,'www. daum.com', "c:\folder1\folder2\file3.jpg", 1);
INSERT INTO pf_portfolio (board_no, general_member_no, homepage, thumbnail, readable) VALUES(34,1,'www.daum.com', "c:\folder1\folder2\file4.jpg", 1);
INSERT INTO pf_portfolio (board_no, general_member_no, homepage, thumbnail, readable) VALUES(35,1,'www.daum.com', "c:\folder1\folder2\file5.jpg", 1);
INSERT INTO pf_portfolio (board_no, general_member_no, homepage, thumbnail, readable) VALUES(36,2,'www.daum.com', "c:\folder1\file1.jpg", 1);
INSERT INTO pf_portfolio (board_no, general_member_no, homepage, thumbnail, readable) VALUES(37,2,'www.google.com', "c:\folder1\folder2\file1.jpg", 0);
INSERT INTO pf_portfolio (board_no, general_member_no, homepage, thumbnail, readable) VALUES(38,2,'www.daum.com', "c:\folder1\folder2\file2.jpg", 1);
INSERT INTO pf_portfolio (board_no, general_member_no, homepage, thumbnail, readable) VALUES(39,3,'www.google.com', "c:\ folder2\file3.jpg", 0);
INSERT INTO pf_portfolio (board_no, general_member_no, homepage, thumbnail, readable) VALUES(40,3,'www.google.com', "c:\folder1\folder2\file4.jpg", 1);

-- 회원보유기술 샘플 데이터(pf_member_skill)
INSERT INTO pf_member_skill(general_member_no, skill_no, level) VALUES(1, 40101, 1);
INSERT INTO pf_member_skill(general_member_no, skill_no, level) VALUES(1, 40104, 1);
INSERT INTO pf_member_skill(general_member_no, skill_no, level) VALUES(1, 40214, 1);
INSERT INTO pf_member_skill(general_member_no, skill_no, level) VALUES(3, 40101, 1);
INSERT INTO pf_member_skill(general_member_no, skill_no, level) VALUES(3, 40104, 1);
INSERT INTO pf_member_skill(general_member_no, skill_no, level) VALUES(2, 40101, 1);
INSERT INTO pf_member_skill(general_member_no, skill_no, level) VALUES(2, 40104, 2);
INSERT INTO pf_member_skill(general_member_no, skill_no, level) VALUES(2, 40214, 3);
INSERT INTO pf_member_skill(general_member_no, skill_no, level) VALUES(5, 40101, 3);
INSERT INTO pf_member_skill(general_member_no, skill_no, level) VALUES(5, 40104, 2);
INSERT INTO pf_member_skill(general_member_no, skill_no, level) VALUES(5, 40214, 2);

-- 포트폴리오구성기술 예제데이터 (pf_member_skill 인서트 후)
INSERT INTO pf_portfolio_skill(board_no, member_skill_no) VALUES(31, 1);
INSERT INTO pf_portfolio_skill(board_no, member_skill_no) VALUES(32, 2);
INSERT INTO pf_portfolio_skill(board_no, member_skill_no) VALUES(33, 3);
INSERT INTO pf_portfolio_skill(board_no, member_skill_no) VALUES(34, 4);
INSERT INTO pf_portfolio_skill(board_no, member_skill_no) VALUES(35, 5);
INSERT INTO pf_portfolio_skill(board_no, member_skill_no) VALUES(36, 6);
INSERT INTO pf_portfolio_skill(board_no, member_skill_no) VALUES(37, 1);
INSERT INTO pf_portfolio_skill(board_no, member_skill_no) VALUES(38, 2);
INSERT INTO pf_portfolio_skill(board_no, member_skill_no) VALUES(39, 3);
INSERT INTO pf_portfolio_skill(board_no, member_skill_no) VALUES(40, 4);

-- 기업 예제 데이터
INSERT INTO pf_company(company_no, business_registration_no, name, tel, representative) VALUES (1, '201-81-64418', '워플', '064-903-1555', '김국헌');
INSERT INTO pf_company(business_registration_no, name, tel, representative) VALUES ('120-87-65764', '카카오', '1600-0988', '신용재');
INSERT INTO pf_company(business_registration_no, name, tel, representative) VALUES ('220-81-83678', 'LINE', '1566-5700', '정재화');
INSERT INTO pf_company(business_registration_no, name, tel, representative) VALUES ('211-88-79575', 'NEVER', '1544-7200', '변진섭');
INSERT INTO pf_company(business_registration_no, name, tel, representative) VALUES ('129-86-50524', 'CODE42', '070-8680-6620', '윤미래');

-- 기업회원 예제 데이터
INSERT INTO pf_company_member(company_member_no, position, company_no) VALUES (6, '대리', 1);
INSERT INTO pf_company_member(company_member_no, position, company_no) VALUES (7, '인사담당', 2);
INSERT INTO pf_company_member(company_member_no, position, company_no) VALUES (8, '인사담당', 3);
INSERT INTO pf_company_member(company_member_no, position, company_no) VALUES (9, '인사담당', 4);
INSERT INTO pf_company_member(company_member_no, position, company_no) VALUES (10, '대표', 5);

-- 자격증 예제 데이터
INSERT INTO pf_certificate(certificate_no, agency, name) VALUES(1322, '한국산업인력공단', '전자계산기조직응용기사');
INSERT INTO pf_certificate(certificate_no, agency, name) VALUES(1320, '한국산업인력공단', '정보처리기사');
INSERT INTO pf_certificate(certificate_no, agency, name) VALUES(1325, '한국인터넷진흥원', '정보보안기사');
INSERT INTO pf_certificate(certificate_no, agency, name) VALUES(2290, '한국산업인력공단', '정보처리산업기사');
INSERT INTO pf_certificate(certificate_no, agency, name) VALUES(2434, '한국산업인력공단', '시각디자인산업기사');
INSERT INTO pf_certificate(certificate_no, agency, name) VALUES(1790, '한국산업인력공단', '시각디자인기사');

-- 기사 1XXX
INSERT INTO pf_certificate(certificate_no, agency, name) VALUES (1511, '한국산업인력공단', '포장기사');
INSERT INTO pf_certificate(certificate_no, agency, name) VALUES (1500, '한국산업인력공단', '품질경영기사');
INSERT INTO pf_certificate(certificate_no, agency, name) VALUES (1512, '한국산업인력공단', '제품디자인기사');
INSERT INTO pf_certificate(certificate_no, agency, name) VALUES (1982, '한국산업인력공단', '컬러리스트기사');
INSERT INTO pf_certificate(certificate_no, agency, name) VALUES (1630, '한국산업인력공단', '건축기사');
INSERT INTO pf_certificate(certificate_no, agency, name) VALUES (1632, '한국산업인력공단', '건축설비기사');
INSERT INTO pf_certificate(certificate_no, agency, name) VALUES (1282, '한국산업인력공단', '실내건축기사');
INSERT INTO pf_certificate(certificate_no, agency, name) VALUES (1250, '한국산업인력공단', '토목기사');
INSERT INTO pf_certificate(certificate_no, agency, name) VALUES (1750, '한국산업인력공단', '건축재료시험기사');
INSERT INTO pf_certificate(certificate_no, agency, name) VALUES (1390, '한국산업인력공단', '지적기사');
INSERT INTO pf_certificate(certificate_no, agency, name) VALUES (1550, '한국산업인력공단', '응용지질기사');
INSERT INTO pf_certificate(certificate_no, agency, name) VALUES (1380, '한국산업인력공단', '측량및지형공간정보기사');
INSERT INTO pf_certificate(certificate_no, agency, name) VALUES (1048, '한국산업인력공단', '콘크리트기사');
INSERT INTO pf_certificate(certificate_no, agency, name) VALUES (1370, '한국산업인력공단', '조경기사');
INSERT INTO pf_certificate(certificate_no, agency, name) VALUES (1350, '한국산업인력공단', '도시계획기사');
INSERT INTO pf_certificate(certificate_no, agency, name) VALUES (1150, '한국산업인력공단', '전기기사');
INSERT INTO pf_certificate(certificate_no, agency, name) VALUES (1160, '한국산업인력공단', '전기공사기사');
INSERT INTO pf_certificate(certificate_no, agency, name) VALUES (1513, '한국산업인력공단', '광학기사');
INSERT INTO pf_certificate(certificate_no, agency, name) VALUES (1321, '한국산업인력공단', '전자계산기기사');
INSERT INTO pf_certificate(certificate_no, agency, name) VALUES (1170, '한국산업인력공단', '전자기사');
INSERT INTO pf_certificate(certificate_no, agency, name) VALUES (1121, '한국산업인력공단', '임베디드기사');
INSERT INTO pf_certificate(certificate_no, agency, name) VALUES (1194, '한국방송통신전파진흥원', '방송통신기사');
INSERT INTO pf_certificate(certificate_no, agency, name) VALUES (1200, '한국방송통신전파진흥원', '무선설비기사');
INSERT INTO pf_certificate(certificate_no, agency, name) VALUES (1195, '한국방송통신전파진흥원', '전파전자통신기사');
INSERT INTO pf_certificate(certificate_no, agency, name) VALUES (1192, '한국방송통신전파진흥원', '정보통신기사');

-- 기술사 0XXX
INSERT INTO pf_certificate(certificate_no, agency, name) VALUES (0760, '한국산업인력공단', '공장관리기술사');
INSERT INTO pf_certificate(certificate_no, agency, name) VALUES (0960, '한국산업인력공단', '제품디자인기술사');
INSERT INTO pf_certificate(certificate_no, agency, name) VALUES (0872, '한국산업인력공단', '기계기술사');
INSERT INTO pf_certificate(certificate_no, agency, name) VALUES (0210, '한국산업인력공단', '화공기술사');
INSERT INTO pf_certificate(certificate_no, agency, name) VALUES (0250, '한국산업인력공단', '전기응용기술사');
INSERT INTO pf_certificate(certificate_no, agency, name) VALUES (0432, '한국산업인력공단', '전기철도기술사');
INSERT INTO pf_certificate(certificate_no, agency, name) VALUES (0301, '한국산업인력공단', '전자응용기술사');
INSERT INTO pf_certificate(certificate_no, agency, name) VALUES (0601, '한국산업인력공단', '정보관리기술사');
INSERT INTO pf_certificate(certificate_no, agency, name) VALUES (0622, '한국산업인력공단', '컴퓨터시스템응용기술사');

-- 산업기사 2XXX
INSERT INTO pf_certificate(certificate_no, agency, name) VALUES (2432, '한국산업인력공단', '제품디자인산업기사');
INSERT INTO pf_certificate(certificate_no, agency, name) VALUES (2025, '한국산업인력공단', '컴퓨터응용가공산업기사');
INSERT INTO pf_certificate(certificate_no, agency, name) VALUES (2011, '한국산업인력공단', '기계조립산업기사');
INSERT INTO pf_certificate(certificate_no, agency, name) VALUES (2140, '한국산업인력공단', '전기산업기사');
INSERT INTO pf_certificate(certificate_no, agency, name) VALUES (2150, '한국산업인력공단', '전기공사산업기사');
INSERT INTO pf_certificate(certificate_no, agency, name) VALUES (2036, '한국산업인력공단', '전기철도산업기사');
INSERT INTO pf_certificate(certificate_no, agency, name) VALUES (2324, '한국산업인력공단', '전자계산기제어산업기사');
INSERT INTO pf_certificate(certificate_no, agency, name) VALUES (2170, '한국산업인력공단', '전자산업기사');
INSERT INTO pf_certificate(certificate_no, agency, name) VALUES (2193, '한국산업인력공단', '사무자동화산업기사');
INSERT INTO pf_certificate(certificate_no, agency, name) VALUES (2325, '한국산업인력공단', '정보보안산업기사');
INSERT INTO pf_certificate(certificate_no, agency, name) VALUES (2194, '한국방송통신전파진흥원', '방송통신산업기사');

-- 기능장 3XXX
INSERT INTO pf_certificate(certificate_no, agency, name) VALUES (3380, '한국산업인력공단', '전기기능장');
INSERT INTO pf_certificate(certificate_no, agency, name) VALUES (3410, '한국산업인력공단', '전자기기기능장');

-- 기능사 6-7XXX
INSERT INTO pf_certificate(certificate_no, agency, name) VALUES (7798, '한국산업인력공단', '웹디자인기능사');
INSERT INTO pf_certificate(certificate_no, agency, name) VALUES (6793, '한국산업인력공단', '제품응용모델링기능사');
INSERT INTO pf_certificate(certificate_no, agency, name) VALUES (7796, '한국산업인력공단', '컴퓨터그래픽스운용기능사');
INSERT INTO pf_certificate(certificate_no, agency, name) VALUES (6012, '한국산업인력공단', '컴퓨터응용선반기능사');
INSERT INTO pf_certificate(certificate_no, agency, name) VALUES (6032, '한국산업인력공단', '컴퓨터응용밀링기능사');
INSERT INTO pf_certificate(certificate_no, agency, name) VALUES (7780, '한국산업인력공단', '전기기능사');
INSERT INTO pf_certificate(certificate_no, agency, name) VALUES (6801, '한국산업인력공단', '전자계산기기능사');
INSERT INTO pf_certificate(certificate_no, agency, name) VALUES (6790, '한국산업인력공단', '전자기기기능사');
INSERT INTO pf_certificate(certificate_no, agency, name) VALUES (6785, '한국산업인력공단', '전자캐드기능사');
INSERT INTO pf_certificate(certificate_no, agency, name) VALUES (6892, '한국산업인력공단', '정보기기운용기능사');
INSERT INTO pf_certificate(certificate_no, agency, name) VALUES (6921, '한국산업인력공단', '정보처리기능사');

-- 일반회원자격증 예제 데이터
INSERT INTO pf_general_member_certification(general_member_no, certificate_no, issue_date) VALUES(1, 1322, '2019-5-5');
INSERT INTO pf_general_member_certification(general_member_no, certificate_no, issue_date) VALUES(2, 1325, '2020-4-4');
INSERT INTO pf_general_member_certification(general_member_no, certificate_no, issue_date) VALUES(3, 1325, '2018-7-7');
INSERT INTO pf_general_member_certification(general_member_no, certificate_no, issue_date) VALUES(4, 2290, '2019-7-2');
INSERT INTO pf_general_member_certification(general_member_no, certificate_no, issue_date) VALUES(5, 2434, '2018-12-2');
INSERT INTO pf_general_member_certification(general_member_no, certificate_no, issue_date) VALUES(1, 1320, '2019-8-16');
INSERT INTO pf_general_member_certification(general_member_no, certificate_no, issue_date) VALUES(2, 1320, '2019-8-16');
INSERT INTO pf_general_member_certification(general_member_no, certificate_no, issue_date) VALUES(3, 1320, '2019-8-16');
INSERT INTO pf_general_member_certification(general_member_no, certificate_no, issue_date) VALUES(4, 1320, '2019-8-16');
INSERT INTO pf_general_member_certification(general_member_no, certificate_no, issue_date) VALUES(5, 1320, '2019-8-16');

-- 쪽지 예제 데이터
INSERT INTO pf_message(message_no, message_sender, message_receiver, title, content, send_date, receive_date, message_sender_delete, message_receiver_delete) VALUES(1, 1, 2, '안녕하세요~', '저랑 맞팔하실래요?', '2020-1-1', '2020-1-2', 0, 0);
INSERT INTO pf_message(message_no, message_sender, message_receiver, title, content, send_date, message_sender_delete, message_receiver_delete) VALUES(2, 2, 3, '반가워요~', '취업 정보 같이 공유해요!', '2020-2-10', 0, 0);
INSERT INTO pf_message(message_no, message_sender, message_receiver, title, content, send_date, receive_date, message_sender_delete, message_receiver_delete) VALUES(3, 4, 5, '쪽지제목3', '쪽지내용3', '2020-2-13', '2020-2-15', 0, 0);
INSERT INTO pf_message(message_no, message_sender, message_receiver, title, content, send_date, receive_date, message_sender_delete, message_receiver_delete) VALUES(4, 5, 4, '쪽지제목4', '쪽지내용4', '2020-2-15', '2020-2-16', 0, 0);
INSERT INTO pf_message(message_no, message_sender, message_receiver, title, content, send_date, message_sender_delete, message_receiver_delete) VALUES(5, 6, 7, '쪽지제목5', '쪽지내용5', '2020-2-16', 0, 0);
INSERT INTO pf_message(message_no, message_sender, message_receiver, title, content, send_date, receive_date, message_sender_delete, message_receiver_delete) VALUES(6, 6, 8, '쪽지제목6', '쪽지내용6', '2020-2-13', '2020-2-21', 0, 0);
INSERT INTO pf_message(message_no, message_sender, message_receiver, title, content, send_date, receive_date, message_sender_delete, message_receiver_delete) VALUES(7, 1, 9, '쪽지제목7', '쪽지내용7', '2020-2-13', '2020-2-21', 0, 0);
INSERT INTO pf_message(message_no, message_sender, message_receiver, title, content, send_date, receive_date, message_sender_delete, message_receiver_delete) VALUES(8, 9, 1, '쪽지제목8', '쪽지내용8', '2020-2-13', '2020-2-21', 0, 0);

-- 첨부파일(쪽지) 예제 데이터
INSERT INTO pf_attachments(file_no, message_no, file_name, file_path) VALUES(1, 1, 'image.png', '.data/note/note1.png');
INSERT INTO pf_attachments(file_no, message_no, file_name, file_path) VALUES(2, 1, 'image2.png', '.data/note/note1.png');
INSERT INTO pf_attachments(file_no, message_no, file_name, file_path) VALUES(3, 1, 'image3.png', '.data/note/note1.png');
INSERT INTO pf_attachments(file_no, message_no, file_name, file_path) VALUES(4, 2, 'image.png', '.data/note/note4.png');
INSERT INTO pf_attachments(file_no, message_no, file_name, file_path) VALUES(5, 3, 'image.png', '.data/note/note5.png');
INSERT INTO pf_attachments(file_no, message_no, file_name, file_path) VALUES(6, 4, 'image.png', '.data/note/note6.png');
INSERT INTO pf_attachments(file_no, message_no, file_name, file_path) VALUES(7, 4, 'image2.png', '.data/note/note7.png');
INSERT INTO pf_attachments(file_no, message_no, file_name, file_path) VALUES(8, 5, 'image.jpg', '.data/note/note8.jpg');
INSERT INTO pf_attachments(file_no, message_no, file_name, file_path) VALUES(9, 5, 'image2.jpg', '.data/note/note9.jpg');
INSERT INTO pf_attachments(file_no, message_no, file_name, file_path) VALUES(10, 6, 'image.png', '.data/note/note10.png');

-- 알림분류 예제 데이터
INSERT INTO pf_alarm_class(alarm_class_no, alarm_class) VALUES(1,  '새 쪽지가 도착했습니다.');
INSERT INTO pf_alarm_class(alarm_class_no, alarm_class) VALUES(2,  '일주일 뒤 마감되는 일정이 있습니다.');
INSERT INTO pf_alarm_class(alarm_class_no, alarm_class) VALUES(3,  '3일 뒤 마감되는 일정이 있습니다.');
INSERT INTO pf_alarm_class(alarm_class_no, alarm_class) VALUES(4,  '2일 뒤 마감되는 일정이 있습니다.');
INSERT INTO pf_alarm_class(alarm_class_no, alarm_class) VALUES(5,  '1일 뒤 마감되는 일정이 있습니다.');
INSERT INTO pf_alarm_class(alarm_class_no, alarm_class) VALUES(6,  '오늘 마감되는 일정이 있습니다.');

-- 알림 예제 데이터
INSERT INTO pf_alarm(alarm_no, member_no, alarm_class_no, content) VALUES(1, 1, 1,  '내용1');
INSERT INTO pf_alarm(alarm_no, member_no, alarm_class_no, content) VALUES(2, 1, 2,  '내용2');
INSERT INTO pf_alarm(alarm_no, member_no, alarm_class_no, content) VALUES(3, 2, 1,  '내용1');
INSERT INTO pf_alarm(alarm_no, member_no, alarm_class_no, content) VALUES(4, 3, 3,  '내용1');
INSERT INTO pf_alarm(alarm_no, member_no, alarm_class_no, content) VALUES(5, 4, 4,  '내용1');
INSERT INTO pf_alarm(alarm_no, member_no, alarm_class_no, content) VALUES(6, 5, 5,  '내용1');
INSERT INTO pf_alarm(alarm_no, member_no, alarm_class_no, content) VALUES(7, 6, 6,  '내용1');
INSERT INTO pf_alarm(alarm_no, member_no, alarm_class_no, content) VALUES(8, 6, 1,  '내용2');
INSERT INTO pf_alarm(alarm_no, member_no, alarm_class_no, content) VALUES(9, 7, 1,  '내용1');
INSERT INTO pf_alarm(alarm_no, member_no, alarm_class_no, content) VALUES(10, 8, 1,  '내용1');

-- 배너 예제 데이터
INSERT INTO pf_banner(banner_no, company_no, title, image, url, start_date, end_date, activate) VALUES(1, 1, '배너광고1', '.data/banner1.png', 'https://plus-ex.com/', '2020-3-1 08:00:00', '2020-06-30 23:59:59', 0);
INSERT INTO pf_banner(banner_no, company_no, title, image, url, start_date, end_date, activate) VALUES(2, 3, '배너광고2', '.data/banner2.png', 'http://sampartners.co.kr/', '2020-3-1 08:00:00', '2020-06-30 23:59:59', 0);
INSERT INTO pf_banner(banner_no, company_no, title, image, url, start_date, end_date, activate) VALUES(3, 4, '배너광고3', '.data/banner3.png', 'https://linepluscorp.com/', '2020-3-1 08:00:00', '2020-06-30 23:59:59', 0);
INSERT INTO pf_banner(company_no, title, image, url, start_date, end_date, activate) VALUES(2, '배너광고4', '.data/banner/banner4.png', 'http://www.woowahan.com/', '2020-4-1 08:00:00', '2020-06-30 23:59:59', 0);
INSERT INTO pf_banner(company_no, title, image, url, start_date, end_date, activate) VALUES(5, '배너광고5', '.data/banner/banner5.png', 'https://www.kakaocorp.com/', '2020-4-1 08:00:00', '2020-06-30 23:59:59', 0);

-- 신고분류 예제 데이터
INSERT INTO pf_report_class(report_class_no, report_class) VALUES(1, '도배');
INSERT INTO pf_report_class(report_class_no, report_class) VALUES(2, '타인 비방');
INSERT INTO pf_report_class(report_class_no, report_class) VALUES(3, '저작물 무단 도용');
INSERT INTO pf_report_class(report_class_no, report_class) VALUES(4, '상업적 홍보');
INSERT INTO pf_report_class(report_class_no, report_class) VALUES(5, '기타');

-- 신고 예제 데이터 (게시글 데이터 입력 후 INSERT(완))
INSERT INTO pf_report(board_no, reporter_no, target_no, report_class_no, ref, re_step) VALUES(1, 1, 2, 1, 2, 0);
INSERT INTO pf_report(board_no, reporter_no, target_no, report_class_no, ref, re_step) VALUES(2, 2, 3, 2, 3, 0);
INSERT INTO pf_report(board_no, reporter_no, target_no, report_class_no, ref, re_step) VALUES(3, 3, 4, 3, 3, 0);


-- pf_bookmark (pf_portfolio 인서트 후(완))
INSERT INTO pf_bookmark(board_no, member_no) VALUES(31, 2);
INSERT INTO pf_bookmark(board_no, member_no) VALUES(32, 2);
INSERT INTO pf_bookmark(board_no, member_no) VALUES(33, 4);
INSERT INTO pf_bookmark(board_no, member_no) VALUES(34, 5);
INSERT INTO pf_bookmark(board_no, member_no) VALUES(35, 8);

-- pf_employment_status 고용형태
INSERT INTO pf_employment_status(employment_stat_no,employment_stat_name) VALUES(1,'정규직');
INSERT INTO pf_employment_status(employment_stat_no,employment_stat_name) VALUES(2,'계약직');
INSERT INTO pf_employment_status(employment_stat_no,employment_stat_name) VALUES(3,'인턴');
INSERT INTO pf_employment_status(employment_stat_no,employment_stat_name) VALUES(4,'프리랜서');
INSERT INTO pf_employment_status(employment_stat_no,employment_stat_name) VALUES(5,'파견직');

-- pf_major 전공 데이터
INSERT INTO pf_major(major_no, name) VALUES(1000,'교육심리학');
INSERT INTO pf_major(major_no, name) VALUES(1001,'아동보유상담학');
INSERT INTO pf_major(major_no, name) VALUES(2000,'소방구조구급');
INSERT INTO pf_major(major_no, name) VALUES(2001,'소방안전관리');
INSERT INTO pf_major(major_no, name) VALUES(3000,'건설공학');
INSERT INTO pf_major(major_no, name) VALUES(3001,'철도토목학');
INSERT INTO pf_major(major_no, name) VALUES(3002,'건축설비공학과');
INSERT INTO pf_major(major_no, name) VALUES(3003,'철도건설안전공학');
INSERT INTO pf_major(major_no, name) VALUES(3004,'해양건설시스템공학');
INSERT INTO pf_major(major_no, name) VALUES(4000,'산업경영공학');
INSERT INTO pf_major(major_no, name) VALUES(4001,'산업정보시스템공학');
INSERT INTO pf_major(major_no, name) VALUES(4002,'생명산업공학');
INSERT INTO pf_major(major_no, name) VALUES(5000,'기계IT융합공학');
INSERT INTO pf_major(major_no, name) VALUES(5001,'시스템디자인공학');
INSERT INTO pf_major(major_no, name) VALUES(5002,'로봇기계공학');
INSERT INTO pf_major(major_no, name) VALUES(5003,'바이오산업기계공학');
INSERT INTO pf_major(major_no, name) VALUES(5004,'산업기계공학');
INSERT INTO pf_major(major_no, name) VALUES(5005,'생산기계공학');
INSERT INTO pf_major(major_no, name) VALUES(5006,'스마트기계공학');
INSERT INTO pf_major(major_no, name) VALUES(5007,'컴퓨터응용기계공학');
INSERT INTO pf_major(major_no, name) VALUES(6000,'수화통역학');
INSERT INTO pf_major(major_no, name) VALUES(6001,'유아특수교육학');
INSERT INTO pf_major(major_no, name) VALUES(6002,'가구디자인');
INSERT INTO pf_major(major_no, name) VALUES(6003,'건축실내디자인');
INSERT INTO pf_major(major_no, name) VALUES(6004,'공간디자인');
INSERT INTO pf_major(major_no, name) VALUES(6005,'관광호텔경영');
INSERT INTO pf_major(major_no, name) VALUES(6006,'호텔조리');
INSERT INTO pf_major(major_no, name) VALUES(6007,'외식경영');
INSERT INTO pf_major(major_no, name) VALUES(6008,'패션디자인');
INSERT INTO pf_major(major_no, name) VALUES(6009,'비즈니스');
INSERT INTO pf_major(major_no, name) VALUES(7000,'뷰티디자인');
INSERT INTO pf_major(major_no, name) VALUES(7001,'기술경영공학');
INSERT INTO pf_major(major_no, name) VALUES(7002,'미래융합학');
INSERT INTO pf_major(major_no, name) VALUES(7003,'사이버드론봇군사학');
INSERT INTO pf_major(major_no, name) VALUES(7004,'ICT경영학');
INSERT INTO pf_major(major_no, name) VALUES(7005,'금융서비스');
INSERT INTO pf_major(major_no, name) VALUES(7006,'세무회계');
INSERT INTO pf_major(major_no, name) VALUES(7007,'반도체디스플레이');
INSERT INTO pf_major(major_no, name) VALUES(7008,'스마트콘텐츠');
INSERT INTO pf_major(major_no, name) VALUES(7009,'멀티미디어디자인');
INSERT INTO pf_major(major_no, name) VALUES(8000,'응용소프트웨어');
INSERT INTO pf_major(major_no, name) VALUES(8001,'IoT인공지능융합');
INSERT INTO pf_major(major_no, name) VALUES(8002,'임베디드소프트웨어');
INSERT INTO pf_major(major_no, name) VALUES(8003,'인공지능소프트웨어');
INSERT INTO pf_major(major_no, name) VALUES(8004,'스마트ICT융합');
INSERT INTO pf_major(major_no, name) VALUES(8005,'컴퓨터공학');
INSERT INTO pf_major(major_no, name) VALUES(8006,'소프트웨어공학');
INSERT INTO pf_major(major_no, name) VALUES(8007,'로봇공학');
INSERT INTO pf_major(major_no, name) VALUES(8008,'로봇자동화공학');
INSERT INTO pf_major(major_no, name) VALUES(8009,'가정복지학');
INSERT INTO pf_major(major_no, name) VALUES(8010,'스포트건강관리학');
INSERT INTO pf_major(major_no, name) VALUES(9000,'건설기계');
INSERT INTO pf_major(major_no, name) VALUES(9001,'경찰행정');
INSERT INTO pf_major(major_no, name) VALUES(9002,'도예');
INSERT INTO pf_major(major_no, name) VALUES(9003,'공중보건학');
INSERT INTO pf_major(major_no, name) VALUES(9004,'경영학');
INSERT INTO pf_major(major_no, name) VALUES(9005,'광고디자인');
INSERT INTO pf_major(major_no, name) VALUES(9006,'교육공학');
INSERT INTO pf_major(major_no, name) VALUES(9007,'성악');
INSERT INTO pf_major(major_no, name) VALUES(9008,'국어교육');
INSERT INTO pf_major(major_no, name) VALUES(9009,'한국음악');
INSERT INTO pf_major(major_no, name) VALUES(9010,'기계설계');
  
-- 공지사항분류 예제데이터 (pf_notice_category)
INSERT INTO pf_notice_category (category_no, name) VALUES(0, "기타");
INSERT INTO pf_notice_category (category_no, name) VALUES(1, "로그인관련");
INSERT INTO pf_notice_category (category_no, name) VALUES(2, "상품관련");
INSERT INTO pf_notice_category (category_no, name) VALUES(3, "결제관련");
INSERT INTO pf_notice_category (category_no, name) VALUES(4, "배송관련");

-- 공지사항 예제데이터 (pf_notice)
INSERT INTO pf_notice (board_no, category_no) VALUES(11,1);
INSERT INTO pf_notice (board_no, category_no) VALUES(12,2);
INSERT INTO pf_notice (board_no, category_no) VALUES(13,3);
INSERT INTO pf_notice (board_no, category_no) VALUES(14,4);
INSERT INTO pf_notice (board_no, category_no) VALUES(15,1);
INSERT INTO pf_notice (board_no, category_no) VALUES(16,2);
INSERT INTO pf_notice (board_no, category_no) VALUES(17,3);
INSERT INTO pf_notice (board_no, category_no) VALUES(18,4);
INSERT INTO pf_notice (board_no, category_no) VALUES(19,1);
INSERT INTO pf_notice (board_no, category_no) VALUES(20,2);

-- 질문분류 예제데이터 (pf_question_category)
INSERT INTO pf_question_category(category_no, name) VALUES(1, "기타");
INSERT INTO pf_question_category(category_no, name) VALUES(2, "로그인관련");
INSERT INTO pf_question_category(category_no, name) VALUES(3, "상품관련");
INSERT INTO pf_question_category(category_no, name) VALUES(4, "결제관련");
INSERT INTO pf_question_category(category_no, name) VALUES(5, "배송관련");

-- qna질문 예제데이터 (pf_qna)
INSERT INTO pf_qna(board_no, member_no, category_no, readable, email_notification, sms_notification, answer, answer_date)
VALUES(21, 1, 5, 1, 1, 1, "내용입니다", "2020-04-01 00:00:00");
INSERT INTO pf_qna(board_no, member_no, category_no, readable, email_notification, sms_notification, answer, answer_date)
VALUES(22, 2, 1, 1, 0, 1, "내용입니다", "2020-04-01 00:00:00");
INSERT INTO pf_qna(board_no, member_no, category_no, readable, email_notification, sms_notification, answer, answer_date)
VALUES(23, 3, 1, 0, 1, 0, "내용입니다", "2020-04-01 00:00:00");
INSERT INTO pf_qna(board_no, member_no, category_no, readable, email_notification, sms_notification, answer, answer_date)
VALUES(24, 4, 2, 0, 0, 0, "내용입니다", "2020-04-01 00:00:00");
INSERT INTO pf_qna(board_no, member_no, category_no, readable, email_notification, sms_notification, answer, answer_date)
VALUES(25, 5, 2, 0, 0, 0, "내용입니다", "2020-04-02 00:00:00");
INSERT INTO pf_qna(board_no, member_no, category_no, readable, email_notification, sms_notification, answer, answer_date)
VALUES(26, 6, 2, 0, 1, 1, "내용입니다", "2020-04-02 00:00:00");
INSERT INTO pf_qna(board_no, member_no, category_no, readable, email_notification, sms_notification, answer, answer_date)
VALUES(27, 7, 3, 1, 1, 0, "내용입니다", "2020-04-02 00:00:00");
INSERT INTO pf_qna(board_no, member_no, category_no, readable, email_notification, sms_notification, answer, answer_date)
VALUES(28, 8, 3, 0, 0, 1, "내용입니다", "2020-04-02 00:00:00");
INSERT INTO pf_qna(board_no, member_no, category_no, readable, email_notification, sms_notification, answer, answer_date)
VALUES(29, 9, 3, 0, 0, 0, "내용입니다", "2020-04-02 00:00:00");
INSERT INTO pf_qna(board_no, member_no, category_no, readable, email_notification, sms_notification, answer, answer_date)
VALUES(30,10,4, 1, 1, 1, "내용입니다", "2020-04-01 00:00:00");

-- faq 질문 예제데이터 (pf_faq)
INSERT INTO pf_faq(board_no, category_no, readable, answer_content, answer_date)
VALUES(41, 5, 1, "내용입니다", "2020-05-01 00:00:00");
INSERT INTO pf_faq(board_no, category_no, readable, answer_content, answer_date)
VALUES(42, 1, 1, "내용입니다", "2020-05-01 00:00:00");
INSERT INTO pf_faq(board_no, category_no, readable, answer_content, answer_date)
VALUES(43, 1, 0, "내용입니다", "2020-05-01 00:00:00");
INSERT INTO pf_faq(board_no, category_no, readable, answer_content, answer_date)
VALUES(44, 2, 0, "내용입니다", "2020-05-01 00:00:00");
INSERT INTO pf_faq(board_no, category_no, readable, answer_content, answer_date)
VALUES(45, 2, 0, "내용입니다", "2020-05-02 00:00:00");
INSERT INTO pf_faq(board_no, category_no, readable, answer_content, answer_date)
VALUES(46, 2, 0, "내용입니다", "2020-05-02 00:00:00");
INSERT INTO pf_faq(board_no,  category_no, readable, answer_content, answer_date)
VALUES(47, 3, 1, "내용입니다", "2020-05-02 00:00:00");
INSERT INTO pf_faq(board_no, category_no, readable, answer_content, answer_date)
VALUES(48, 3, 0, "내용입니다", "2020-05-02 00:00:00");
INSERT INTO pf_faq(board_no, category_no, readable, answer_content, answer_date)
VALUES(49, 3, 0, "내용입니다", "2020-05-02 00:00:00");
INSERT INTO pf_faq(board_no, category_no, readable, answer_content, answer_date)
VALUES(50, 4, 1, "내용입니다", "2020-05-01 00:00:00");

-- 게시글추천 예제데이터 (pf_recommendation)
INSERT INTO pf_recommendation(board_no, member_no, recommendation_date) VALUES (1, 1, '2020-05-01');
INSERT INTO pf_recommendation(board_no, member_no, recommendation_date) VALUES (2, 3, '2020-05-02');
INSERT INTO pf_recommendation(board_no, member_no, recommendation_date) VALUES (3, 2, '2020-05-03');
INSERT INTO pf_recommendation(board_no, member_no, recommendation_date) VALUES (4, 4, '2020-05-04');
INSERT INTO pf_recommendation(board_no, member_no, recommendation_date) VALUES (5, 2, '2020-05-05');
INSERT INTO pf_recommendation(board_no, member_no, recommendation_date) VALUES (31, 1, '2020-05-05');
INSERT INTO pf_recommendation(board_no, member_no, recommendation_date) VALUES (31, 2, '2020-05-04');
INSERT INTO pf_recommendation(board_no, member_no, recommendation_date) VALUES (34, 4, '2020-04-25');
INSERT INTO pf_recommendation(board_no, member_no, recommendation_date) VALUES (36, 1, '2020-05-06');
INSERT INTO pf_recommendation(board_no, member_no, recommendation_date) VALUES (38, 3, '2020-05-01');
INSERT INTO pf_recommendation(board_no, member_no, recommendation_date) VALUES (40, 5, '2020-05-01');

-- 포트폴리오파일 예제데이터 (pf_board_attachment)
INSERT INTO pf_board_attachment(attachment_no, board_no, file_name, file_path)
 VALUES(1, 5, "file1.jpg", "c:\file1\file1.jpg");
INSERT INTO pf_board_attachment(attachment_no, board_no, file_name, file_path)
 VALUES(2, 13, "file2.jpg", "c:\file1\file2.jpg");
INSERT INTO pf_board_attachment(attachment_no, board_no, file_name, file_path)
 VALUES(3, 15, "file3.jpg", "c:\file1\file3.jpg");
INSERT INTO pf_board_attachment(attachment_no, board_no, file_name, file_path)
 VALUES(4, 20, "file4.jpg", "c:\file1\file4.jpg");
 
-- pf_job_posting 채용공고 (pf_company_member 인서트 후(완), pf_final_education인서트 후)
INSERT INTO pf_job_posting (job_posting_no,company_member_no,title,content,work_place_no,
minimum_career,view_count,posting_registration,start_dated,end_dated,job,
year_salary,readable,tel,minimum_education_no,employment_stat_no,field_no,skill_no)
  VALUES(1,6,'프론트엔드 개발자 모집','내용1',101010,'무관',1,NOW(),'2020-1-1','2020-2-2','프론트엔드',
  26000000,1,'010-1111-1111',1,1,409,40904);  
INSERT INTO pf_job_posting (job_posting_no,company_member_no,title,content,work_place_no,
minimum_career,view_count,posting_registration,start_dated,end_dated,job,
year_salary,readable,tel,minimum_education_no,employment_stat_no,field_no,skill_no)
  VALUES(2,7,'백엔드 개발자 모집','내용2',101020,'신입',2,NOW(),'2020-2-2','2020-3-3','백엔드',
  28000000,1,'010-2222-2222',2,2,415,41505);  
INSERT INTO pf_job_posting (job_posting_no,company_member_no,title,content,work_place_no,
minimum_career,view_count,posting_registration,start_dated,end_dated,job,
year_salary,readable,tel,minimum_education_no,employment_stat_no,field_no,skill_no)
  VALUES(3,8,'서버 개발자 모집','내용3',101030,'신입, 경력',3,NOW(),'2020-3-3','2020-4-4','서버개발',
  30000000,1,'010-3333-3333',3,3,405,40530);  
INSERT INTO pf_job_posting (job_posting_no,company_member_no,title,content,work_place_no,
minimum_career,view_count,posting_registration,start_dated,end_dated,job,
year_salary,readable,tel,minimum_education_no,employment_stat_no,field_no,skill_no)
  VALUES(4,9,'자바 개발자 모집','내용4',101040,'경력(1년 이상)',4,NOW(),'2020-4-4','2020-5-5','자바',
  32000000,1,'010-4444-4444',4,4,416,41619);  
INSERT INTO pf_job_posting (job_posting_no,company_member_no,title,content,work_place_no,
minimum_career,view_count,posting_registration,start_dated,end_dated,job,
year_salary,readable,tel,minimum_education_no,employment_stat_no,field_no,skill_no)
  VALUES(5,10,'풀스택 개발자 모집','내용5',101050,'경력(2년 이상)',5,NOW(),'2020-5-5','2020-6-6','풀스택',
  34000000,1,'010-5555-5555',5,5,404,40430);  
 
-- pf_job_posting_file 채용공고첨부파일 데이터  (pf_job_posting 인서트 후)
INSERT INTO pf_job_posting_file(job_posting_file_no,job_posting_no,file_path) VALUES(1,1,'/file/path'); 
INSERT INTO pf_job_posting_file(job_posting_file_no,job_posting_no,file_path) VALUES(2,2,'/file/path'); 
INSERT INTO pf_job_posting_file(job_posting_file_no,job_posting_no,file_path) VALUES(3,3,'/file/path'); 
INSERT INTO pf_job_posting_file(job_posting_file_no,job_posting_no,file_path) VALUES(4,4,'/file/path'); 
INSERT INTO pf_job_posting_file(job_posting_file_no,job_posting_no,file_path) VALUES(5,5,'/file/path');  
  
-- pf_company_required_major 기업요구전공 데이터 (pf_job_posting 인서트 후)
INSERT INTO pf_company_required_major(major_no, job_posting_no) VALUES(1000,1);
INSERT INTO pf_company_required_major(major_no, job_posting_no) VALUES(2001,2);
INSERT INTO pf_company_required_major(major_no, job_posting_no) VALUES(6006,3);
INSERT INTO pf_company_required_major(major_no, job_posting_no) VALUES(8005,4);
INSERT INTO pf_company_required_major(major_no, job_posting_no) VALUES(9005,5); 
  
-- pf_job_recommendation 채용추천 (pf_job_posting 인서트 후)
INSERT INTO pf_job_recommendation (general_member_no,job_posting_no) VALUES(1,1);
INSERT INTO pf_job_recommendation (general_member_no,job_posting_no) VALUES(2,2);
INSERT INTO pf_job_recommendation (general_member_no,job_posting_no) VALUES(3,3);
INSERT INTO pf_job_recommendation (general_member_no,job_posting_no) VALUES(4,4);
INSERT INTO pf_job_recommendation (general_member_no,job_posting_no) VALUES(5,5);  
    
-- pf_company_required_certificate 기업요구자격증 (pf_job_posting 인서트 후)
INSERT INTO pf_company_required_certificate  (certificate_no,job_posting_no) VALUES(1322,1);
INSERT INTO pf_company_required_certificate  (certificate_no,job_posting_no) VALUES(1320,2);
INSERT INTO pf_company_required_certificate  (certificate_no,job_posting_no) VALUES(1325,3);
INSERT INTO pf_company_required_certificate  (certificate_no,job_posting_no) VALUES(2290,4);
INSERT INTO pf_company_required_certificate  (certificate_no,job_posting_no) VALUES(2434,5);  

-- pf_payment 결제
INSERT INTO pf_payment values(1, 6, "프리미엄 채용 공고", 22000, "프론트엔드 개발자 모집", "BC카드, 456765*********1", "StdpayISP_INIpayTest20200603172453691675", "2020-06-02 00:00:00", "2020-06-04 00:00:00", "2020-06-19 00:00:00");
INSERT INTO pf_payment values(2, 7, "프리미엄 채용 공고", 10000, "서버 개발자 모집", "BC카드, 123123*********3", "StdpayISP_INIpayTest20200604154913450083", "2020-06-03 00:00:00", "2020-06-03 00:00:00", "2020-06-09 00:00:00");
INSERT INTO pf_payment values(3, 8, "프리미엄 채용 공고", 4000, "백엔드 개발자 모집", "BC카드, 448123*********2", "StdpayISP_INIpayTest20200604103951575498", "2020-06-04 00:00:00", "2020-06-05 00:00:00", "2020-06-07 00:00:00");
INSERT INTO pf_payment values(4, 9, "프리미엄 채용 공고", 38000, "서버 개발자 모집", "BC카드, 234876*********4", "StdpayISP_INIpayTest20200604154913450083", "2020-06-05 00:00:00", "2020-06-05 00:00:00", "2020-06-30 00:00:00");
INSERT INTO pf_payment values(5, 10, "프리미엄 채용 공고", 10000, "서버 개발자 모집", "BC카드, 877656*********8", "StdpayISP_INIpayTest20200604154913450083", "2020-06-06 00:00:00", "2020-06-10 00:00:00", "2020-06-17 00:00:00");
INSERT INTO pf_payment values(6, 6, "프리미엄 채용 공고", 2000, "서버 개발자 모집", "BC카드, 77777*********2", "StdpayISP_INIpayTest20200604154913450083", "2020-06-07 00:00:00", "2020-06-07 00:00:00", "2020-06-08 00:00:00");
INSERT INTO pf_payment values(7, 7, "프리미엄 채용 공고", 28000, "서버 개발자 모집", "BC카드, 546765*********3", "StdpayISP_INIpayTest20200604154913450083", "2020-06-08 00:00:00", "2020-06-10 00:00:00", "2020-06-30 00:00:00");

-- pf_general_mem_edu 일반회원학력 데이터(pf_final_education 인서트 후)
INSERT INTO pf_general_mem_edu(general_member_no,education_no,school_name) VALUES(1,1,'서울대학교');
INSERT INTO pf_general_mem_edu(general_member_no,education_no,school_name) VALUES(2,2,'고려대학교');
INSERT INTO pf_general_mem_edu(general_member_no,education_no,school_name) VALUES(3,3,'연세대학교');
INSERT INTO pf_general_mem_edu(general_member_no,education_no,school_name) VALUES(4,4,'세종대학교');
INSERT INTO pf_general_mem_edu(general_member_no,education_no,school_name) VALUES(5,5,'한양대학교');

-- pf_general_mem_edu_major 일반회원학력전공(pf_general_mem_edu 인서트 후)
INSERT INTO pf_general_mem_edu_major (general_member_no,education_no,major_no) VALUES(1,1,1000);
INSERT INTO pf_general_mem_edu_major (general_member_no,education_no,major_no) VALUES(2,2,3000);
INSERT INTO pf_general_mem_edu_major (general_member_no,education_no,major_no) VALUES(3,3,6003);
INSERT INTO pf_general_mem_edu_major (general_member_no,education_no,major_no) VALUES(4,4,6007);
INSERT INTO pf_general_mem_edu_major (general_member_no,education_no,major_no) VALUES(5,5,8001);
  
-- interest_district (pf_district 인서트 후)
INSERT INTO pf_interest_location(general_member_no, location_no) VALUES(1, 101010);
INSERT INTO pf_interest_location(general_member_no, location_no) VALUES(2, 101020);
INSERT INTO pf_interest_location(general_member_no, location_no) VALUES(3, 101030);
INSERT INTO pf_interest_location(general_member_no, location_no) VALUES(3, 101040);
INSERT INTO pf_interest_location(general_member_no, location_no) VALUES(5, 101050);
INSERT INTO pf_interest_location(general_member_no, location_no) VALUES(4, 101060);
INSERT INTO pf_interest_location(general_member_no, location_no) VALUES(5, 101070);

-- 일반회원관심분야 샘플 데이터(pf_general_member_interest)
INSERT INTO pf_general_member_interest(general_member_no, field_no) VALUES(1, 401);
INSERT INTO pf_general_member_interest(general_member_no, field_no) VALUES(2, 408);
INSERT INTO pf_general_member_interest(general_member_no, field_no) VALUES(2, 409);
INSERT INTO pf_general_member_interest(general_member_no, field_no) VALUES(2, 410);
INSERT INTO pf_general_member_interest(general_member_no, field_no) VALUES(4, 401);
INSERT INTO pf_general_member_interest(general_member_no, field_no) VALUES(4, 405);
INSERT INTO pf_general_member_interest(general_member_no, field_no) VALUES(5, 406);
INSERT INTO pf_general_member_interest(general_member_no, field_no) VALUES(5, 407);
INSERT INTO pf_general_member_interest(general_member_no, field_no) VALUES(5, 403);

-- 일정(개인용) 샘플 데이터(pf_schedule)
INSERT INTO pf_schedule(general_member_no, start_date, end_date, title) VALUES(1, '2020-05-01', '2020-07-01', 'TOEIC');
INSERT INTO pf_schedule(general_member_no, end_date, title) VALUES(2, '2020-08-11', '정보처리기사');
INSERT INTO pf_schedule(general_member_no, title) VALUES(3, '우아한형제들 날짜 확인할것');
INSERT INTO pf_schedule(general_member_no, start_date, end_date, title, description) VALUES(4, '2020-06-10', '2020-07-01', '1일 1알고리즘', '상세');
INSERT INTO pf_schedule(general_member_no, end_date, title) VALUES(5, '2020-08-11', '카카오 코딩 테스트');
INSERT INTO pf_schedule(general_member_no, end_date, title) VALUES(1, '2020-09-10', '카카오 1차 면접');
INSERT INTO pf_schedule(general_member_no, start_date, end_date, title) VALUES(2, '2020-01-01', '2020-06-01', 'SSAPY 활동 기간');
INSERT INTO pf_schedule(general_member_no, start_date, title) VALUES(3, '2020-06-10', '취업 준비 시작');
INSERT INTO pf_schedule(general_member_no, title) VALUES(4, '기업 공고 찾아보기');
INSERT INTO pf_schedule(general_member_no, title) VALUES(5, '기업 공고 찾아보기');